Name,Servings,Ingredients,Calories,Protein (g),Carbs (g),Fat (g),Sugar (g),Fiber (g),Cuisine
Low-Carb Avocado Chicken Salad,4,"['plain greek yogurt', 'lime juice', 'pepper', 'chili powder', 'avocado', 'chicken breast', 'celery', 'diced red onion', 'kosher salt', 'low-carb bread', 'fresh cilantro leaves']",249,29,13,8,8,3,North American
Cinnamon Roll Cheesecake,8,"['cream cheese', 'sugar', 'sour cream', 'vanilla extract', 'egg', 'butter', 'light brown sugar', 'cinnamon', 'refrigerated cinnamon rolls']",501,7,42,34,30,1,Uncategorized Cuisine
Tomato And Anchovy Pasta,4,"['unsalted butter', 'anchovies', 'panko breadcrumbs', 'freshly grated parmigiano-reggiano cheese', 'extra virgin olive oil', 'garlic', 'red pepper flakes', 'cherry tomato', 'kosher salt', 'white wine', 'spaghetti', 'lemon  zest']",677,24,109,13,9,6,North American
Browned “Butter” Chocolate Chip Cookies,8,"['chopped pecans', 'refined coconut oil', 'dark brown sugar', 'granulated sugar', 'unsweetened non-dairy milk', 'vanilla extract', 'all-purpose flour', 'baking soda', 'kosher salt', 'dark chocolate', 'semisweet chocolate chunks']",443,2,49,27,33,2,Uncategorized Cuisine
Blueberry Cream Muffins,24,"['egg', 'granulated sugar', 'vegetable oil', 'vanilla extract', 'flour', 'baking soda', 'baking powder', 'sour cream', 'blueberry']",273,3,33,13,14,1,Uncategorized Cuisine
Nut-Free Macarons,10,"['large egg white', 'granulated sugar', 'all purpose flour', 'powdered sugar', 'vanilla extract', 'gel food coloring', 'buttercream frosting']",82,1,16,1,10,0,French
Savory Lasagna,12,"['whole milk ricotta cheese', 'shredded low-moisture mozzarella', 'grated parmesan cheese', 'large egg', 'fresh parsley', 'kosher salt', 'olive oil', 'medium yellow onion', 'ground beef', 'garlic', 'McCormick® Savory Spice Blend', 'marinara sauce', 'nonstick cooking spray', 'lasagna noodle']",394,24,22,21,7,37,Italian
Creamy Cajun Pasta,8,"['unsalted butter', 'spicy italian sausage', 'kosher salt', 'medium yellow onion', 'jalapeño', 'minced garlic', 'tomato paste', 'McCormick® Jazzy Spice Blend', 'dried penne pasta', 'red bell pepper', 'green bell pepper', 'button mushrooms', 'fire-roasted tomato', 'chicken stock', 'cream cheese', 'scallions']",396,17,31,24,7,3,North American
2-ingredient Pasta,1,"['shredded mozzarella cheese', 'egg yolk']",808,55,8,62,0,0,Italian
How To Make A Fresh Seacuterie Board,6,"['orange zest', 'fresh orange juice', 'ginger juice', 'garlic', 'low sodium soy sauce', 'toasted sesame oil', 'unsweetened mirin', 'apple cider vinegar', 'fresno chilie', 'sugar', 'olive oil', 'kosher salt', 'frozen cooked octopus', 'micro cilantro', 'small shallot', 'red wine vinegar', 'crushed black peppercorns', 'cream cheese', 'mayonnaise', 'old bay seasoning', 'garlic powder', 'prepared horseradish', 'lemon zest', 'lemon juice', 'worcestershire sauce', 'fresh crab meat', 'fresh chives', 'kosher salt', 'fresh oysters', 'crushed ice', 'butter lettuce leaves', 'prepared ahi poke salad', 'lox', 'cocktail shrimp', 'cocktail sauce', 'prepared horseradish', 'seaweed salad', 'grilled bread', 'crackers', 'english cucumber', 'crab claws', 'blood orange', 'pickled vegetable', 'caper', 'decoratively cut lemons', 'oyster knife', 'baking sheet', 'brown butchers paper']",518,58,40,11,12,4,Fusion
100-Layer Lasagna,20,"['butter', 'flour', 'milk', 'salt', 'black pepper', 'nutmeg', 'olive oil', 'onion', 'carrot', 'celery', 'ground beef', 'tomato sauce', 'tomato paste', 'chicken stock', 'salt', 'black pepper', 'no-boil flat lasagna noodle', 'grated parmesan cheese', 'fresh chives']",742,52,45,32,14,4,North American
Jacket Potato: The Pizazz,4,"['sweet potatoes', 'cooking spray', 'kosher salt', 'maple syrup or cinnamon butter', 'maple bacon bits', 'marshmallow fluff', 'rainbow sprinkles']",105,0,24,0,11,1,North American
Savoury Spaghetti With Meatballs,8,"['olive oil', 'garlic', 'red pepper flakes', 'McCormick® Savory Spice Blend', 'tomato paste', 'canned whole peeled tomato', 'kosher salt', 'white bread', 'heavy cream', 'grated parmesan cheese', 'onion', 'garlic', 'pepper', 'ground pork', 'kosher salt', '85% lean ground beef', 'McCormick® Savory Spice Blend', 'olive oil', 'spaghetti', 'kosher salt', 'parmesan cheese', 'fresh basil']",695,41,51,33,2,6,Italian
Organic Quinoa Rice Cakes With Mediterranean Chicken,4,"['garlic', 'salt', 'pepper', 'olive oil', 'lemon', 'boneless, skinless chicken cutlets', 'seeds of change organic quinoa and brown rice with garlic', 'zucchini', 'fresh parsley', 'lemon', 'dried oregano', 'ground coriander', 'paprika', 'large eggs', 'whole wheat breadcrumbs', 'crumbled feta cheese', 'olive oil', 'cherry tomato', 'kalamata olive']",568,48,49,18,4,3,Mediterranean
Vegan Butternut Squash Al Pastor Tacos,14,"['butternut squash', 'achiote', 'ancho chile powder', 'garlic powder', 'onion powder', 'ground coriander', 'dried thyme', 'ground cumin', 'kosher salt', 'black pepper', 'cayenne', 'apple cider vinegar', 'orange juice', 'extra-virgin olive oil', 'cubed pineapple', 'small corn tortillas', 'medium white onion', 'fresh cilantro leaves', 'avocado', 'limes']",132,2,25,3,5,4,Mexican
Jacket Potato: The Old Fashioned,4,"['russet potato', 'cooking spray', 'kosher salt', 'milk or stock', 'cooked bacon', 'queso', 'green onion']",136,3,28,1,2,2,North American
Jazzy Fried Chicken,10,"['McCormick® Jazzy Spice Blend', 'kosher salt', 'freshly ground black pepper', 'buttermilk', 'bone-in, skin-on chicken thighs and drunmsticks', 'kosher salt', 'freshly ground black pepper', 'McCormick® Jazzy Spice Blend', 'all-purpose flour', 'canola oil']",460,44,47,8,4,1,North American
Sweet Potato Lentil Curry,4,"['cooking oil', 'onion', 'sweet potato', 'apple', 'carrot', 'garlic', 'lentils', 'tomato', 'vegetable broth', 'curry powder', 'bay leaf', 'cinnamon stick', 'salt', 'pepper']",313,13,56,5,12,10,Indian
Instant Energy Ginger Citrus Spritz,6,"['sugar', 'cold water', 'fresh ginger', 'orange juice', 'prosecco', 'orange liqueur', 'club soda', 'navel orange']",265,0,32,0,28,0,Italian
Hummus Caesar Salad,2,"['classic hummus', 'whole grain mustard', 'minced garlic', 'nutritional yeast', 'capers', 'lemon juice', 'white miso paste', 'extra virgin olive oil', 'kosher salt', 'freshly ground black pepper', 'mixed greens salad', 'lemon juice', 'kosher salt', 'freshly ground black pepper']",126,5,10,8,1,4,North American
Jazzy Shrimp And Grits,4,"['McCormick® Jazzy Spice Blend', 'kosher salt', 'freshly ground black pepper', 'raw shrimp', 'water', 'stone ground corn grits', 'shredded white cheddar', 'unsalted butter', 'kosher salt', 'pepper', 'bacon', 'garlic', 'dry white wine', 'chicken stock', 'fresh chives']",634,52,11,40,0,0,North American
Jacket Potato: The PSI (Peanut Sprinkle Ice Cream),4,"['sweet potatoes', 'cooking spray', 'kosher salt', 'maple syrup or cinnamon butter', 'pumpkin brittle', 'ice cream', 'rainbow sprinkles']",105,0,24,0,11,1,Uncategorized Cuisine
Hearty Lamb Chops With Couscous,4,"['kosher salt', 'McCormick® Hearty Spice Blend', 'freshly ground black pepper', 'lamb chop', 'canola oil', 'kosher salt', 'freshly ground black pepper', 'McCormick® Hearty Spice Blend', 'garlic', 'orange zest', 'orange', 'orange zest', 'orange juice', 'fresh mint', 'full-fat yogurt', 'McCormick® Hearty Spice Blend', 'kosher salt', 'freshly ground black pepper', 'chicken broth', 'butter', 'kosher salt', 'couscous', 'pitted dates', 'olive oil', 'fresh parsley', 'chives', 'toasted pine nut']",1093,78,76,53,31,11,Middle Eastern
Zesty One-Pot Chicken Bake,4,"['McCormick® Zesty Spice Blend', 'kosher salt', 'freshly ground black pepper', 'boneless, skinless chicken thighs', 'vegetable oil', 'unsalted butter', 'medium yellow onion', 'medium red bell pepper', 'garlic', 'white long grain rice', 'chicken stock', 'lemon', 'fresh basil']",785,45,110,22,9,2,North American
50 Garlic Clove Potatoes Au Gratin,6,"['garlic', 'olive oil', 'kosher salt', 'half-and-half', 'heavy cream', 'cream cheese', 'shredded gruyère cheese', 'shredded white cheddar cheese', 'grated parmesan cheese', 'yukon gold potato', 'fresh thyme leaves', 'freshly ground black pepper', 'minced chives']",699,24,51,46,5,4,French
Milkshake: The Tiffany,1,"['whole milk', 'dairy-free vanilla ice cream', 'chocolate candy', 'sprinkles', 'caramel sauce']",850,19,73,54,70,0,Uncategorized Cuisine
Jacket Potato: The Spud & Mighty,4,"['russet potato', 'cooking spray', 'kosher salt', 'milk or stock', 'cooked bacon', 'queso', 'potato chips']",136,3,28,1,2,2,North American
Tofu Buddha Bowl,6,"['sesame oil', 'sweet mirin', 'McCormick® Fiery Spice Blend', 'kosher salt', 'extra firm tofu', 'medium sweet potato', 'medium broccoli crown', 'cooked quinoa', 'purple cabbage', 'english cucumber', 'large avocado', 'roasted peanuts', 'fresh cilantro leaves', 'fresh mint leaf', 'sesame oil', 'apple cider vinegar', 'McCormick® Fiery Spice Blend', 'cold water', 'kosher salt']",989,39,140,32,11,22,North American
Jacket Potato: The Canadian,4,"['sweet potatoes', 'cooking spray', 'kosher salt', 'maple syrup or cinnamon butter', 'maple bacon bits', 'ice cream', 'mini chocolate chips']",105,0,24,0,11,1,North American
Fiery Chicken Wings,4,"['chicken wings', 'kosher salt', 'freshly ground black pepper', 'canola oil', 'unsalted butter', 'fresh lime juice', 'garlic', 'brown sugar', 'honey', 'McCormick® Fiery Spice Blend', 'corn starch', 'water', 'fresh cilantro leaves', 'lime']",777,35,21,63,17,1,North American
Relaxation Chamomile Lavender Hot Toddy,1,"['water', 'chamomile', 'culinary lavender', 'honey', 'whiskey', 'lemon wedge']",187,0,16,0,13,0,Uncategorized Cuisine
Milkshake: The Caramel Alon,1,"['whole milk', 'dairy-free vanilla ice cream', 'chocolate candy', 'mini marshmallows', 'caramel sauce']",878,19,82,54,76,0,Uncategorized Cuisine
Hearty Turkey Tacos,6,"['tomatillo', 'jalapeño', 'garlic', 'medium white onion', 'fresh cilantro', 'lime', 'kosher salt', 'olive oil', 'ground turkey', 'medium white onion', 'kosher salt', 'McCormick® Hearty Spice Blend', 'chili powder', 'corn tortilla', 'crumbled cotija cheese', 'radish', 'fresh cilantro', 'Lime wedges']",178,16,11,7,5,2,Mexican
Jacket Potato: The Idealist,4,"['russet potato', 'cooking spray', 'kosher salt', 'milk or stock', 'roasted chickpeas', 'queso', 'green onion']",136,3,28,1,2,2,Uncategorized Cuisine
Delicious Pie Bar: Cloud Candy Pie,12,"['graham cracker', 'unsalted butter', 'instant vanilla pudding mix', 'heavy cream', 'chocolate candy pieces', 'whipped cream']",328,2,22,28,14,0,Uncategorized Cuisine
Breyers® Ice Cream Tea Party,6,"['Breyers® Chocolate Ice Cream', 'pound cake', 'milk chocolate', 'natural sprinkles', 'cake ice cream cones', 'white royal icing', 'shortbread cookie', 'white chocolate covered pretzel rings', 'Breyers® Natural Vanilla Ice Cream', 'Breyers® Natural Strawberry Ice Cream', 'Breyers® Mint Chocolate Chip Ice Cream', 'natural toppings of choice']",328,2,22,28,14,0,Uncategorized Cuisine
Hearty Onion Dip And Chips,5,"['medium yellow onion', 'olive oil', 'mayonnaise', 'sour cream', 'McCormick® Hearty Spice Blend', 'kosher salt', 'lemon', 'potato chips']",432,2,9,43,4,0,North American
Hot Chocolate: The Undercover Lover,1,"['milk of choice', 'semi-sweet chocolate chips', 'ground cinnamon', 'mini marshmallows', 'chocolate drizzle']",330,9,41,16,34,1,Uncategorized Cuisine
Breakfast Waffle: The Expert Brunch-er,4,"['nonstick cooking spray', 'waffle mix', 'milk', 'large egg', 'vegetable oil', 'all-purpose flour', 'granulated sugar', 'baking powder', 'baking soda', 'kosher salt', 'large egg', 'unsalted butter', 'buttermilk', 'maple syrup', 'whipped cream', 'mixed berries', 'sprinkles']",1106,26,162,40,44,11,Uncategorized Cuisine
Savoury White Fish With Simmered Tomatoes,4,"['olive oil', 'garlic', 'McCormick® Savory Spice Blend', 'canned whole tomatoes', 'dry white wine', 'bay leaf', 'kosher salt', 'freshly ground black pepper', 'white fish fillet', 'fresh basil']",246,38,5,4,0,2,Uncategorized Cuisine
Jackie-O Cocktail: The Fruits des Bois,1,"['crème de cassis', 'cognac', 'cranberry juice', 'sparkling rosé', 'flower']",140,0,9,0,9,0,French
Chocolate Pinata Cupcake: Gooey Guilt,24,"[""Great Value® Deluxe Moist Devil's Food Chocolate Cake Mix"", 'water', 'vegetable oil', 'large egg', 'cocoa powder', 'boiling water', 'all-purpose flour', 'granulated sugar', 'large egg', 'vegetable oil', 'whole milk', 'baking soda', 'salt', 'vanilla extract', 'Great Value® Semi-Sweet Chocolate Chips', 'cream cheese frosting', 'chocolate sauce', 'mini peanut butter cup']",432,5,51,24,30,2,North American
Grilled Sausage Dinner: Pin-gnocchi-o - Jiminy Cricket!,4,"['kosher salt', 'Sam’s Choice® potato gnocchi', 'Sam’s Choice® Italia Basil Pesto Sauce', 'cherry tomato', 'sausage', 'grated parmesan cheese']",849,30,59,54,4,4,Italian
1-2-3 Cheesecake,8,"['sweetened condensed milk', 'cream cheese', 'large egg', 'pie pan']",186,6,26,6,26,0,Uncategorized Cuisine
Meatball: Call of the Meatball,4,"['Great Value® Italian-Style Meatballs', 'marinara sauce', 'Marketside® Ciabatta Hamburger Buns', 'parmesan cheese']",938,41,71,55,21,8,North American
Jennine's Salsa,1,"['whole tomatoes', 'jalapeño', 'garlic', 'large onion', 'fresh cilantro', 'salt']",398,11,58,2,16,20,Mexican
Super Easy Roasted Spicy Cauliflower,2,"['small cauliflower', 'chili sauce', 'garlic powder', 'lime juice', 'salt']",151,10,32,0,14,13,Uncategorized Cuisine
Bruschetta Chicken,4,"['chicken breast', 'garlic', 'salt', 'pepper', 'italian seasoning', 'olive oil', 'medium tomato', 'red onion', 'garlic', 'salt', 'olive oil', 'fresh basil', 'balsamic vinegar', 'shredded parmesan cheese']",329,48,8,9,5,0,Italian
Jackie-O Cocktail: Spring Morning,1,"['crème de cassis', 'brandy or cognac', 'cranberry juice', 'sparkling wine', 'flower']",140,0,9,0,8,0,Uncategorized Cuisine
Quick and Easy Leftover Rotisserie Chicken Alfredo,4,"['rotisserie chicken', 'egg noodle', 'alfredo sauce', 'milk', 'butter', 'salt', 'garlic powder', 'oregano', 'poultry seasoning', 'dried parsley']",466,30,19,29,2,0,Italian
Jackie-O Cocktail: The Strawberry Sweetie,1,"['creme de fraise', 'brandy or cognac', 'cranberry juice', 'sparkling wine', 'edible flower']",114,0,3,0,3,0,Uncategorized Cuisine
Sungyi's S’mores Cookies,12,"['butter', 'graham cracker', 'brown sugar', 'granulated sugar', 'vanilla extract', 'egg', 'flour', 'salt', 'chocolate chips', 'marshmallow']",172,2,19,9,8,0,Uncategorized Cuisine
Chopped Chicken Nachos,4,"['chicken breast', 'olive oil', 'poultry rub', 'tortilla chips', 'roasted red pepper', 'black beans', 'green onion', 'garlic', 'black olive', 'colby jack cheese']",825,68,7,57,2,1,North American
Grilled Sausage Dinner: Major Herbage,4,"['kosher salt', 'Sam’s Choice® Italia Spaghetti', 'Sam’s Choice® Italia Basil Pesto Sauce', 'cherry tomato', 'sausage', 'fresh basil leaf']",825,68,7,57,2,1,Italian
Chicken Wings: Over Blue Yonder,1,"['chicken wings', 'kosher salt', 'black pepper', 'Great Value® Parmesan Garlic Wing Sauce', 'Great Value® Blue Cheese Dressing', 'french fries']",825,68,7,57,2,1,Uncategorized Cuisine
Chocolate Pinata Cupcake: Cherrystein’s Monster,24,"[""Great Value® Deluxe Moist Devil's Food Chocolate Cake Mix"", 'water', 'vegetable oil', 'large egg', 'cocoa powder', 'boiling water', 'Great Value® All-Purpose Flour', 'granulated sugar', 'large egg', 'vegetable oil', 'whole milk', 'baking soda', 'salt', 'vanilla extract', 'Great Value® Rainbow Sprinkles', 'cream cheese frosting', 'caramel sauce', 'maraschino cherry']",358,4,43,19,25,1,Uncategorized Cuisine
Jacket Potato: The Chickpea + Chill,4,"['russet potato', 'cooking spray', 'kosher salt', 'milk or stock', 'roasted chickpeas', 'sour cream', 'potato chips']",136,3,28,1,2,2,Uncategorized Cuisine
Jacket Potato: The Creative Thinker,4,"['russet potato', 'cooking spray', 'kosher salt', 'milk or stock', 'roasted chickpeas', 'queso', 'potato chips']",136,3,28,1,2,2,Uncategorized Cuisine
PB&J: The Encrusted Glitz,1,"['cinnamon raisin bread', 'crunchy peanut butter', 'grape jelly']",742,25,82,39,26,8,Uncategorized Cuisine
Sangria: The Ruby,1,"['orange juice', 'mango', 'diced pineapple', 'dark rum', 'fresh orange slice', 'red wine']",520,2,67,0,33,2,Uncategorized Cuisine
Delicious Pie Bar: Sugar Rush,12,"['chocolate sandwich cookie', 'unsalted butter', 'instant vanilla pudding mix', 'heavy cream', 'chocolate candy pieces', 'vanilla ice cream']",349,2,24,29,17,0,Uncategorized Cuisine
Fajitas: Fowl Fun Guy,2,"['boneless, skinless chicken thighs', 'fajita seasoning', 'vegetable oil', 'mushroom', 'Great Value® Fajita Flour Tortillas', 'Marketside® Medium Jalapeño Salsa', 'beans', 'rice']",925,67,77,38,5,4,Mexican
Protein-Packed Snacks,Servings not available,[],925,67,77,38,5,4,Uncategorized Cuisine
Cucumber Celery Juice and Sweet Potato Hummus as made by Chef Marcus,Servings not available,[],925,67,77,38,5,4,Uncategorized Cuisine
12 Drinks That Will Make You Look Like a Pro ,Servings not available,[],925,67,77,38,5,4,Uncategorized Cuisine
Delicious Soups For Every Mood,Servings not available,[],925,67,77,38,5,4,Uncategorized Cuisine
Romantic Chicken Dinner In Less Than 45 Minutes,Servings not available,[],925,67,77,38,5,4,Uncategorized Cuisine
Caribbean Rice,8,"['pork shoulder', 'chorizo', 'sour orange', 'garlic', 'fresh cilantro', 'red onion', 'red pepper', 'rice', 'black beans', 'black pepper', 'salt', 'water', 'coconut milk']",466,18,53,21,6,2,Caribbean
Jackie-O Cocktail: One More Please,1,"['crème de cassis', 'brandy or cognac', 'lemon juice', 'sparkling rosé', 'orange peel']",135,0,8,0,7,0,French
Jackie-O Cocktail: The Procrastinator,1,"['crème de cassis', 'cognac', 'cranberry juice', 'sparkling wine', 'orange peel']",140,0,9,0,8,0,French
Cherry Pancake Cake,8,"['all-purpose flour', 'baking powder', 'salt', 'granulated sugar', 'milk', 'heavy cream', 'egg', 'vanilla extract', 'butter', 'fresh cherries', 'powdered sugar', 'maple syrup']",222,4,27,11,13,0,Uncategorized Cuisine
Chocolate Pinata Cupcake: Black Tie Event,24,"[""Great Value® Deluxe Moist Devil's Food Chocolate Cake Mix"", 'water', 'vegetable oil', 'large egg', 'cocoa powder', 'boiling water', 'Great Value® All-Purpose Flour', 'granulated sugar', 'large egg', 'vegetable oil', 'whole milk', 'baking soda', 'salt', 'vanilla extract', 'Great Value® Semi-Sweet Chocolate Chips', 'chocolate frosting', 'caramel sauce', 'maraschino cherry']",432,5,51,24,30,2,Uncategorized Cuisine
Parfait: Cacao WOW,1,"['Great Value® Greek Yogurt', 'mixed nuts and seeds', 'fresh mixed fruit', 'maple syrup', 'Great Value® Dark Chocolate']",924,40,86,52,62,9,Uncategorized Cuisine
Delicious Pie Bar: The Berry Overload,12,"['chocolate sandwich cookie', 'unsalted butter', 'blueberry', 'strawberry', 'raspberry', 'granulated sugar', 'cornstarch', 'water', 'cinnamon', 'salt', 'mixed fresh berry', 'whipped cream']",240,1,29,14,20,2,Uncategorized Cuisine
"Fried Rice: Soy, Spice, and Everything Nice",2,"['firm tofu', 'teriyaki sauce', 'vegetable oil', 'kimchi', 'large egg', 'cauliflower rice', 'soy sauce', 'sesame oil']",450,26,36,23,22,8,Asian
Meatball: Mozzarella Mountain,4,"['Great Value® Homestyle Meatballs', 'kosher salt', ""Sam's Choice® Italia Tagliatelle Egg Pasta"", 'alfredo sauce', 'shredded mozzarella cheese']",1434,60,110,83,13,8,Italian
Meatball: The Little Italy,4,"['Great Value® Italian-Style Meatballs', 'kosher salt', ""Sam's Choice® Italia Tagliatelle Egg Pasta"", 'marinara sauce', 'shredded mozzarella cheese']",1224,53,116,60,18,10,Italian
5 Recipes Straight Out Of Middle East,Servings not available,[],1224,53,116,60,18,10,Uncategorized Cuisine
5 BBQ Chicken Recipes To Make For Your Friends,Servings not available,[],1224,53,116,60,18,10,North American
Light Sweet Potato Cake,8,"['flour', 'whole wheat flour', 'baking powder', 'baking soda', 'cinnamon', 'salt', 'ginger', 'egg', 'vanilla', 'milk', 'oil', 'sugar', 'honey', 'sweet potato puree', 'peanut butter']",237,5,48,2,24,1,Uncategorized Cuisine
The Best One-Bowl Brownies,16,"['unsalted butter', 'semi-sweet chocolate chips', 'granulated sugar', 'brown sugar', 'vanilla extract', 'salt', 'large egg', 'all-purpose flour', 'dark cocoa powder', 'nonstick cooking spray']",268,3,28,16,19,1,Uncategorized Cuisine
One-Pan Honey Garlic Chicken,4,"['bone-in, skin-on chicken thighs', 'salt', 'pepper', 'unsalted butter', 'garlic', 'brown sugar', 'honey', 'dried thyme', 'dried oregano', 'green beans']",407,49,23,12,18,3,North American
Chicken & Veggie Stir-Fry,6,"['chicken breast', 'salt', 'pepper', 'broccoli florets', 'mushroom', 'oil', 'garlic', 'ginger', 'sesame oil', 'reduced sodium soy sauce', 'brown sugar', 'chicken broth', 'flour']",220,28,14,5,3,3,North American
3 Ingredient Peanut Butter Cookies,25,"['peanut butter', 'sugar', 'egg']",34,1,3,1,3,0,North American
Easy Chicken Alfredo Penne,6,"['unsalted butter', 'boneless, skinless chicken breasts', 'dried oregano', 'dried basil', 'kosher salt', 'freshly ground black pepper', 'penne pasta', 'fresh parsley', 'shredded parmesan cheese', 'unsalted butter', 'garlic', 'all-purpose flour', 'milk', 'kosher salt', 'freshly ground black pepper', 'dried oregano', 'dried basil', 'shredded parmesan cheese']",396,32,31,15,4,1,North American
One-Pot Swedish Meatball Pasta,4,"['ground beef', 'seasoned bread crumbs', 'onion', 'egg', 'kosher salt', 'pepper', 'canola oil', 'beef broth', 'milk', 'worcestershire sauce', 'egg noodle', 'shredded parmesan cheese', 'fresh parsley']",723,47,57,32,10,3,Fusion
3-Ingredient Teriyaki Chicken,4,"['boneless, skinless chicken thighs', 'soy sauce', 'brown sugar']",467,58,20,17,17,0,North American
Scalloped Potatoes,2,"['butter', 'garlic', 'flour', 'milk', 'salt', 'pepper', 'yukon potato', 'grated parmesan cheese', 'fresh parsley']",340,9,50,11,8,3,North American
How To Make The Best Brownies,24,"['unsalted butter', 'good-quality semisweet chocolate', 'unsweetened dutch process cocoa powder', 'espresso powder', 'granulated sugar', 'dark brown sugar', 'vanilla extract', 'kosher salt', 'large egg', 'all-purpose flour', 'flaky sea salt']",158,3,26,4,19,1,North American
Chicken Teriyaki Chow Mein,6,"['chicken breast', 'salt', 'pepper', 'teriyaki sauce', 'cooking oil', 'chow mein noodle', 'onion', 'carrot', 'broccoli floret', 'cabbage', 'sesame seeds']",362,29,30,13,6,3,Chinese
Cajun Chicken Alfredo,4,"['olive oil', 'garlic', 'cooked sausage', 'chicken breast', 'cajun seasoning', 'heavy cream', 'penne pasta', 'parmesan cheese', 'fresh parsley']",870,43,41,64,4,2,Italian
The Best Soft And Chewy Snickerdoodle Cookies,24,"['ground cinnamon', 'butter', 'vanilla', 'sugar', 'brown sugar', 'egg', 'flour', 'cream of tartar', 'baking soda', 'salt', 'sugar', 'cinnamon']",175,2,23,8,9,0,North American
Garlic Shrimp Bacon Alfredo,4,"['bacon', 'shrimp', 'salt', 'black pepper', 'medium yellow onion', 'medium tomato', 'garlic', 'heavy cream', 'fettuccine', 'grated parmesan cheese', 'fresh parlsey']",1016,49,96,54,8,4,North American
Homemade Soft Pretzels,8,"['water', 'salt', 'sugar', 'active dry yeast', 'flour', 'oil', 'baking soda', 'egg', 'coarse salt']",288,9,55,2,1,1,North American
Honey Soy-Glazed Salmon,2,"['skinless salmon', 'olive oil', 'garlic', 'ginger', 'red pepper', 'olive oil', 'less sodium soy sauce', 'honey']",525,36,34,25,32,0,North American
Garlic Shrimp Scampi,2,"['butter', 'garlic', 'shrimp', 'salt', 'pepper', 'lemon', 'red chili flake', 'fresh parsley', 'spaghetti']",817,61,87,23,3,3,Italian
Healthy Banana Pancakes,4,"['ripe banana', 'egg', 'vanilla extract', 'quick-cook oats', 'cinnamon']",179,6,31,3,10,4,North American
One-Pot Chicken And Mushroom Pasta,4,"['olive oil', 'chicken breast', 'yellow onion', 'salt', 'pepper', 'cremini mushroom', 'garlic', 'dried thyme', 'paprika', 'chicken broth', 'heavy cream', 'farfalle pasta', 'spinach', 'parmesan cheese']",688,54,52,35,8,3,North American
Creamy Tuscan Chicken,4,"['bone-in, skin-on chicken thighs', 'salt', 'pepper', 'oil', 'garlic', 'onion', 'tomato', 'spinach', 'heavy cream', 'salt', 'pepper', 'grated parmesan cheese', 'fresh flat-leaf parsley']",619,39,10,53,5,1,North American
Honey BBQ Chicken Wings,20,"['flour', 'chili powder', 'kosher salt', 'black pepper', 'paprika', 'garlic powder', 'chicken wings', 'BBQ sauce', 'honey']",166,8,16,7,9,0,North American
Edible Cookie Dough 4 Ways,4,"['flour', 'brown sugar', 'butter', 'milk', 'vanilla', 'salt', 'chocolate chips', 'mini chocolate chips', 'sandwich cookie', 'peanut butter', 'peanut butter cup', 'chocolate candy', 'chocolate', 'white chocolate chip', 'chocolate chips']",1364,14,134,71,72,25,North American
Classic Carrot Cake,10,"['carrot', 'all-purpose flour', 'ground cinnamon', 'allspice', 'kosher salt', 'baking powder', 'baking soda', 'light brown sugar', 'granulated sugar', 'large egg', 'vegetable oil', 'raisin', 'crushed pineapple', 'unsalted butter', 'cream cheese', 'vanilla extract', 'powdered sugar', 'walnuts']",1029,11,97,69,65,5,Uncategorized Cuisine
Homemade Cinnamon Rolls,14,"['unsalted butter', 'whole milk', 'granulated sugar', 'active dry yeast', 'flour', 'baking powder', 'salt', 'butter', 'light brown sugar', 'ground cinnamon', 'cream cheese', 'butter', 'whole milk', 'vanilla extract', 'powdered sugar']",479,7,63,22,24,1,North American
One Skillet Ground Beef Stroganoff,4,"['olive oil', 'white button mushroom', 'unsalted butter', 'yellow onion', 'ground beef', 'garlic powder', 'all-purpose flour', 'paprika', 'dry sherry', 'low-sodium beef broth', 'kosher salt', 'freshly ground black pepper', 'dried egg noodles', 'sour cream', 'finely chopped fresh parsley']",666,39,45,33,5,2,European
The Best Fudgy Brownies,9,"['good-quality chocolate', 'butter', 'sugar', 'egg', 'vanilla extract', 'all-purpose flour', 'cocoa powder', 'salt']",392,4,41,25,28,2,North American
Fluffy Jiggly Japanese Cheesecake,6,"['butter', 'cream cheese', 'milk', 'egg', 'flour', 'cornstarch', 'large egg whites', 'granulated sugar', 'hot water', 'powdered sugar', 'Strawberries']",594,24,39,37,29,1,Japanese
Easy Butter Chicken,4,"['boneless, skinless chicken breast', 'salt', 'pepper', 'chili powder', 'turmeric', 'unsalted butter', 'diced yellow onion', 'garam masala', 'ground cumin', 'cayenne pepper', 'grated ginger', 'garlic', '3-inch cinnamon stick', 'tomato sauce', 'water', 'heavy cream', 'cooked rice', 'chopped fresh cilantro']",747,73,11,47,6,3,British
Shrimp Spinach Bacon Alfredo,4,"['oil', 'garlic cloves', 'shrimp', 'spinach', 'onion', 'salt', 'black pepper', 'heavy cream', 'fettuccine pasta', 'bacon', 'parmesan cheese', 'fresh parsley']",1101,69,96,54,8,4,Italian
Creamy Chicken Piccata,4,"['boneless, skinless chicken breast', 'salt', 'pepper', 'all-purpose flour', 'olive oil', 'dry white wine', 'unsalted butter', 'garlic', 'caper', 'lemon juice', 'chicken stock', 'heavy cream', 'fresh flat-leaf parsley', 'angel hair pasta']",633,36,74,21,3,2,North American
Slow Cooker Beef and Broccoli ,4,"['sirloin steak', 'beef broth', 'low sodium soy sauce', 'brown sugar', 'sesame oil', 'garlic', 'cornstarch', 'water', 'broccoli', 'white rice']",598,49,24,33,10,2,North American
"Cucumber, Tomato, And Avocado Salad",2,"['english cucumber', 'roma tomato', 'ripe avocado', 'red onion', 'fresh cilantro', 'lemon', 'salt', 'pepper', 'extra virgin olive oil']",460,6,31,37,6,17,North American
Birthday Cake Mug Cake,1,"['flour', 'sugar', 'sprinkles', 'baking powder', 'milk', 'vegetable oil', 'vanilla extract', 'whipped topping']",456,5,62,18,33,0,North American
One-Pot Chicken Spinach Bacon Alfredo,4,"['bacon', 'boneless, skinless, chicken breasts', 'spinach', 'garlic', 'kosher salt', 'freshly ground black pepper', 'whole milk', 'dried penne pasta', 'grated parmesan cheese']",902,68,53,45,16,3,Italian
Creamy Lemon Chicken,4,"['boneless, skinless chicken breast', 'salt', 'pepper', 'flour', 'butter', 'olive oil', 'chicken stock', 'heavy cream', 'salt', 'pepper', 'lemon', 'lemon', 'fresh parsley']",480,30,32,29,3,1,North American
How To Make The Fluffiest Pancakes,8,"['all-purpose flour', 'sugar', 'kosher salt', 'baking powder', 'baking soda', 'buttermilk', 'unsalted butter', 'egg', 'unsalted butter', 'blueberry', 'chocolate chips', 'maple syrup']",299,7,33,15,6,1,North American
One-Pan Garlic Chicken Pesto Pasta,4,"['canola oil', 'boneless, skinless chicken breasts', 'chopped garlic', 'kosher salt', 'freshly ground black pepper', 'heavy cream', 'grated parmesan cheese', 'pesto', 'penne pasta', 'cherry tomatoes', 'chopped fresh basil']",532,34,33,31,3,2,North American
Easy Glazed Pork Chops,4,"['thick-cut pork chop', 'paprika', 'cayenne pepper', 'garlic powder', 'black pepper', 'salt', 'brown sugar', 'olive oil']",468,35,9,32,8,0,North American
Vegan Lasagna Soup,6,"['olive oil', 'onion', 'garlic', 'tomato paste', 'dried basil', 'dried oregano', 'canned crushed tomatoes', 'vegetable broth', 'green lentils', 'dried lasagna noodles', 'fresh spinach', 'thinly sliced fresh basil']",229,9,34,1,7,4,Italian
How to Make the Best Sugar Cookies,12,"['unsalted butter', 'granulated sugar', 'cream cheese', 'large egg', 'large egg yolk', 'McCormick® vanilla extract', 'McCormick® almond extract', 'kosher salt', 'all purpose flour', 'baking powder', 'cream of tartar', 'powdered sugar', 'kosher salt', 'vanilla extract', 'gel food coloring', 'water', 'pasteurized egg white']",592,6,86,25,58,1,Uncategorized Cuisine
Lemon Loaf Cake,6,"['nonstick cooking spray', 'unsalted butter', 'granulated sugar', 'large egg', 'sour cream', 'fresh lemon juice', 'lemon zest', 'vanilla extract', 'all purpose flour', 'baking powder', 'kosher salt', 'powdered sugar', 'milk', 'fresh lemon juice']",606,6,92,23,71,0,Uncategorized Cuisine
How To Make Perfect Chocolate Chip Cookies,18,"['bread flour', 'all-purpose flour', 'kosher salt', 'baking soda', 'unsalted butter', 'water', 'dark brown sugar', 'white sugar', 'vanilla extract', 'espresso powder', 'large egg', 'large egg yolk', 'semi-sweet chocolate chips', 'dark chocolate']",258,2,29,15,17,1,North American
Lemon Meringue Bars,9,"['all-purpose flour', 'powdered sugar', 'salt', 'unsalted butter', 'large egg', 'egg yolk', 'granulated sugar', 'lemon juice', 'lemon  zest', 'all-purpose flour', 'egg white', 'salt', 'granulated sugar']",361,5,45,18,29,0,Uncategorized Cuisine
Easy & Healthy Fried Rice,4,"['sesame oil', 'garlic', 'chicken breast', 'salt', 'pepper', 'carrot', 'broccoli floret', 'brown rice', 'frozen peas', 'low sodium soy sauce']",377,29,39,10,4,6,North American
Apple Pie From Scratch,8,"['flour', 'salt', 'butter', 'ice water', 'granny smith apple', 'sugar', 'flour', 'salt', 'cinnamon', 'nutmeg', 'lemon', 'egg', 'sugar', 'vanilla ice cream']",273,5,60,1,26,3,North American
Sweet And Sour Pork,2,"['pork', 'salt', 'corn flour', 'egg', 'corn flour', 'oil', 'oil', 'garlic', 'green bell pepper', 'red bell pepper', 'pineapple', 'white caster sugar', 'rice vinegar', 'ketchup']",840,37,99,34,50,7,Chinese
Peanut Butter Oat Energy Balls,6,"['rolled oats', 'peanut butter', 'honey', 'dark chocolate chip', 'salt']",87,2,12,3,3,1,North American
Fluffy Pancakes,4,"['flour', 'baking powder', 'milk', 'butter', 'egg yolk', 'egg white', 'maple syrup']",1096,33,123,52,13,3,North American
Mac & Cheese By Terry Crews (Mack And Jeezy),4,"['elbow macaroni', 'cream-style cottage cheese', 'sharp cheddar cheese', 'sour cream', 'egg', 'salt', 'coconut oil', 'paprika']",942,48,50,58,6,0,North American
French Onion Soup,4,"['olive oil', 'butter', 'yellow onion', 'salt', 'sugar', 'flour', 'beef stock', 'white wine', 'ground sage', 'whole bay leaf', 'french bread', 'cognac', 'swiss cheese', 'pepper', 'parmesan cheese']",935,37,76,48,11,3,French
Cinnamon Roll Apple Pie,10,"['granny smith apple', 'cinnamon roll', 'sugar', 'cinnamon', 'cornstarch']",264,3,55,4,32,3,North American
Blueberry Blondies,9,"['nonstick cooking spray', 'all purpose flour', 'baking powder', 'salt', 'unsalted butter', 'brown sugar', 'large egg', 'vanilla extract', 'fresh blueberry']",211,2,31,8,18,1,Uncategorized Cuisine
Honey Mustard Chicken Salad,4,"['honey', 'dijon mustard', 'olive oil', 'garlic', 'salt', 'pepper', 'boneless, skinless chicken thighs', 'bacon', 'romaine lettuce', 'cherry tomatoes', 'red onion', 'avocado']",350,23,25,18,18,5,North American
Honey Garlic Slow Cooker Ribs,6,"['salt', 'pepper', 'paprika', 'chili powder', 'rack of pork ribs', 'honey', 'soy sauce', 'garlic cloves']",565,25,37,34,32,0,Uncategorized Cuisine
Chicken Cacciatore,4,"['chicken thighs', 'kosher salt', 'freshly ground black pepper', 'olive oil', 'baby bella mushrooms', 'medium yellow onion', 'red bell pepper', 'tomato paste', 'garlic', 'dried oregano', 'red pepper flakes', 'dried rosemary', 'red wine', 'diced tomatoes', 'chicken stock', 'finely chopped fresh parsley']",307,32,19,12,8,2,North American
3-Cheese Garlic Bread,2,"['butter', 'garlic', 'parmesan cheese', 'shredded monterey jack cheese', 'shredded cheddar cheese', 'fresh green onion', 'baguette']",748,36,82,30,7,3,North American
Turkey Taco Stuffed Bell Peppers,8,"['ground turkey', 'onion', 'garlic', 'black beans', 'yellow corn', 'salsa', 'ground cumin', 'dried oregano', 'paprika', 'salt', 'black pepper', 'guacamole']",117,11,8,4,2,1,North American
One-Pot Ham & Potato Soup,4,"['bacon', 'onion', 'carrot', 'celery', 'flour', 'ham', 'potato', 'fresh thyme', 'black pepper', 'chicken broth', 'bay leaf', 'heavy cream']",736,37,43,58,13,3,North American
Strawberry Lemonade Cake,8,"['cooking spray', 'large egg', 'granulated sugar', 'olive oil', 'vanilla extract', 'lemon juice', 'lemon  zest', 'whole milk', 'all-purpose flour', 'baking powder', 'baking soda', 'kosher salt', 'heavy whipping cream', 'strawberry jam', 'strawberry']",554,9,62,32,30,2,North American
One-Pot Creamy Chicken and Broccoli Pasta,4,"['oil', 'chicken breast', 'seasoned salt', 'pepper', 'small onion', 'broccoli', 'milk', 'bowtie pasta', 'shredded parmesan cheese', 'shredded mozzarella cheese']",872,71,68,35,24,5,Italian
Weekday Meal-Prep Turkey Taco Bowls,4,"['oil', 'red bell pepper', 'yellow bell pepper', 'large red onion', 'salt', 'pepper', 'ground turkey', 'taco seasoning', 'diced tomato', 'rice', 'black beans', 'corn', 'salsa', 'lime', 'cheddar cheese', 'fresh cilantro']",640,31,109,9,11,5,North American
Chai-Spiced Cheesecake Muffins,16,"['all-purpose flour', 'cinnamon', 'ground ginger', 'ground cardamom', 'nutmeg', 'baking soda', 'salt', 'applesauce', 'brown sugar', 'large egg', 'vanilla extract', 'vegetable oil', 'cream cheese', 'granulated sugar', 'vanilla extract', 'nonstick cooking spray']",204,2,21,12,13,0,Uncategorized Cuisine
One-Pan Breakfast Potatoes,4,"['russet potato', 'red bell pepper', 'small white onion', 'olive oil', 'dried rosemary', 'garlic', 'paprika', 'salt', 'pepper']",239,5,51,2,6,5,North American
Slow Cooker Ribs,4,"['BBQ sauce', 'brown sugar', 'apple cider vinegar', 'dried oregano', 'worcestershire sauce', 'cayenne pepper', 'chili powder', 'baby back pork rib', 'salt', 'pepper', 'pepper']",1223,52,68,78,55,2,North American
Peanut Butter Cup Cookies,16,"['unsalted butter', 'brown sugar', 'egg', 'vanilla', 'peanut butter', 'all-purpose flour', 'salt', 'baking soda', 'mini peanut butter cup']",193,3,22,10,14,0,North American
One-Pot Garlic Tomato Shrimp Pasta,4,"['spaghetti', 'olive oil', 'shrimp', 'salt', 'red pepper flakes', 'small yellow onion', 'garlic', 'canned diced tomato', 'sugar', 'dried oregano', 'dry white wine', 'fresh parsley', 'water']",713,41,112,6,14,7,Italian
Weekday Meal-Prep Chicken Burrito Bowls,4,"['boneless, skinless chicken breast', 'bell peppers', 'large red onion', 'olive oil', 'taco seasoning', 'salt', 'pepper', 'salsa', 'brown rice', 'black beans', 'corn', 'shredded cheddar cheese', 'lime', 'fresh cilantro']",650,43,62,25,7,7,North American
3-Ingredient Breakfast Cookies,8,"['oats', 'banana', 'mix-in of choice']",102,2,21,1,4,2,North American
Cozy Chicken And Dumplings,6,"['vegetable oil', 'boneless, skinless chicken breast', 'diced yellow onion', 'sliced carrot', 'garlic cloves', 'salt', 'unsalted butter', 'all-purpose flour', 'chicken broth', 'heavy cream', 'dried thyme', 'bay leaf', 'frozen peas', 'fresh parsley', 'all-purpose flour', 'baking powder', 'salt', 'pepper', 'heavy cream']",842,61,61,45,9,3,Uncategorized Cuisine
Cheesy Chicken Enchiladas,2,"['shredded chicken', 'enchilada sauce', 'cheese blend', 'tortilla', 'sour cream', 'fresh cilantro']",630,35,68,22,9,3,North American
Chili Lime Baked Tilapia With Avocado Crema,2,"['tilapia fillet', 'chili powder', 'cumin', 'cayenne pepper', 'salt', 'black pepper', 'lime juice', 'olive oil', 'avocado', 'fresh cilantro', 'salt', 'black pepper', 'lime juice', 'yogurt']",630,35,68,22,9,3,North American
Chocolate-Filled Banana Muffins,12,"['banana', 'large egg', 'vegetable oil', 'sugar', 'whole milk', 'vanilla extract', 'all-purpose flour', 'baking powder', 'baking soda', 'kosher salt', 'chocolate sprinkles', 'nonstick cooking spray', 'semisweet chocolate chip', 'heavy whipping cream']",236,2,27,14,13,1,North American
Strawberry Cream Cheese Bites,12,"['strawberry', 'vanilla extract', 'coconut oil', 'cream cheese']",45,0,1,4,0,0,Uncategorized Cuisine
Pigs In A Blanket,18,"['puff pastry', 'hot dog', 'cheddar cheese']",108,3,3,9,0,0,North American
Classic Glazed Donuts,12,"['milk', 'sugar', 'yeast', 'unsalted butter', 'egg', 'vanilla extract', 'flour', 'vegetable oil', 'shortening', 'powdered sugar', 'dry milk powder', 'vanilla extract', 'water']",524,12,99,7,53,1,North American
General Tso’s Chicken,4,"['vegetable oil', 'rice wine', 'soy sauce', 'boneless, skinless chicken thighs', 'flour', 'salt', 'vegetable oil', 'fresh garlic', 'fresh ginger', 'dried chili pod', 'rice wine', 'soy sauce', 'rice wine vinegar', 'sugar', 'cornstarch', 'water', 'green onion', 'white rice']",524,12,99,7,53,1,Chinese
"Egg, Avocado, & Tomato Toast",1,"['bread', 'avocado', 'cherry tomato', 'egg']",524,12,99,7,53,1,North American
Spinach Artichoke Mac & Cheese,3,"['butter', 'garlic', 'spinach', 'artichoke heart', 'milk', 'kosher salt', 'black pepper', 'elbow macaroni', 'shredded cheddar cheese', 'shredded mozzarella cheese']",1658,85,107,97,15,5,North American
Parmesan Roasted Cauliflower,6,"['cauliflower florets', 'olive oil', 'italian breadcrumb', 'garlic powder', 'salt', 'grated parmesan cheese']",230,11,38,4,8,8,Italian
Keto Bacon Cauliflower “Mac” ‘N’ Cheese,4,"['bacon', 'water', 'cauliflower', 'kosher salt', 'cream cheese', 'heavy cream', 'cayenne pepper', 'paprika', 'shredded cheddar cheese', 'fresh parsley']",876,47,18,69,7,6,Uncategorized Cuisine
Chicken Fajita Quesadillas,4,"['chicken breast', 'taco seasoning', 'vegetable oil', 'onion', 'garlic cloves', 'bell pepper', 'lime', 'tortilla', 'butter', 'shredded cheese']",836,57,65,37,9,4,North American
Easy Slow Cooker Mozzarella-Stuffed Meatballs And Sauce,14,"['crushed tomato', 'onion', 'garlic', 'dried basil', 'dried oregano', 'pepper', 'salt', 'beef', 'mild sausage', 'breadcrumb', 'onion', 'parmesan cheese', 'onion powder', 'garlic powder', 'dried thyme', 'dried oregano', 'salt', 'pepper', 'egg', 'mozzarella cheese', 'whole milk', 'parsley']",836,57,65,37,9,4,North American
Easy Breakfast Frittata,8,"['egg', 'heavy cream', 'salt', 'black pepper', 'bacon', 'onion', 'tomato', 'spinach', 'shredded cheddar cheese', 'green onion']",275,16,3,22,1,0,North American
Breakfast Egg Cups,12,"['egg', 'salt', 'pepper', 'fresh spinach', 'tomato', 'shredded mozzarella cheese', 'broccoli', 'shredded cheddar cheese', 'turkey bacon', 'red bell pepper', 'deli chicken meat']",142,11,1,9,0,0,North American
Lemon Ricotta Pancakes,6,"['pancake', 'ricotta cheese', 'egg yolk', 'milk', 'vanilla extract', 'lemon zest', 'flour', 'baking powder', 'blueberry compote', 'blueberry', 'sugar', 'water', 'lemon juice', 'egg whites', 'sugar']",938,25,179,13,67,6,North American
Buttermilk Fried Chicken Sandwich,8,"['buttermilk', 'salt', 'black pepper', 'cayenne pepper', 'boneless, skinless chicken thighs', 'plain greek yogurt', 'fresh dill', 'garlic powder', 'lemon juice', 'grated parmesan cheese', 'all-purpose flour', 'salt', 'black pepper', 'cayenne pepper', 'garlic powder', 'peanut or vegetable oil', 'softened butter', 'brioche burger buns', 'butter lettuce', 'tomato']",568,34,76,13,13,2,North American
Spice-Rubbed Shrimp Tacos,8,"['McCormick ® Ground Cumin', 'garlic powder', 'paprika', 'chili powder', 'dried oregano', 'kosher salt', 'shrimp', 'vegetable oil', 'sour cream', 'lime', 'flour tortilla', 'red cabbage', 'scallions', 'cilantro']",233,15,25,7,1,1,Mexican
Elevated Hamburger Helper,4,"['bacon', 'small yellow onion', 'minced red bell pepper', 'shredded carrots', 'garlic', 'lean ground beef', 'kosher salt', 'smoked paprika', 'tomato paste', 'petite diced tomatoes', 'beef stock', 'whole milk', 'uncooked pasta shells', 'shredded smoked gouda cheese', 'shredded cheddar cheese', 'finely chopped fresh parsley']",233,15,25,7,1,1,North American
Vegan Chocolate Chip Cookies,10,"['sugar', 'dark brown sugar', 'salt', 'refined coconut oil', 'non-dairy milk', 'vanilla extract', 'flour', 'baking soda', 'vegan semi-sweet chocolate', 'vegan dark chocolate']",335,2,38,20,24,2,Uncategorized Cuisine
Avocado Quinoa Power Salad,6,"['water', 'salt', 'quinoa', 'fresh spinach', 'large cucumber', 'roma tomato', 'ripe avocado', 'lemon', 'extra virgin olive oil', 'pepper']",221,5,25,11,1,6,North American
Cilantro Rice,4,"['long-grain white rice', 'fresh or dried bay leaves', 'water', 'lime juice', 'lemon juice', 'kosher salt', 'finely chopped fresh cilantro']",215,5,46,0,0,0,North American
Chicken Pesto And Zucchini “Pasta”,4,"['fresh basil', 'grated parmesan cheese', 'pine nuts', 'garlic', 'lemon', 'salt', 'pepper', 'olive oil', 'oil', 'zucchini', 'cherry tomato', 'boneless, skinless chicken breast']",374,33,11,23,4,2,North American
2-Ingredient Chocolate Soufflé,1,"['chocolate  hazelnut spread', 'egg']",721,18,66,41,58,5,North American
Chocolate Peanut Butter Pancakes,4,"['milk', 'egg', 'peanut butter', 'wheat flour', 'salt', 'baking powder', 'dark chocolate chip']",290,10,43,13,15,5,North American
Crispy Honey-Glazed Fried Chicken,8,"['salt', 'black pepper', 'onion powder', 'garlic powder', 'paprika', 'ground cumin', 'dried oregano', 'cayenne powder', 'all-purpose flour', 'bone-in, skin-on chicken drumsticks', 'bone-in, skin-on chicken thighs', 'buttermilk', 'peanut or vegetable oil', 'honey']",547,43,49,19,4,2,North American
Chinese Takeout-style Tofu And Broccoli,4,"['firm tofu', 'vegetable oil', 'sesame oil', 'broccoli florets', 'vegetable broth', 'garlic cloves', 'grated ginger', 'soy sauce', 'agave syrup', 'rice vinegar', 'cornstarch', 'toasted sesame seeds', 'cooked white rice', 'sliced scallions']",227,15,27,8,11,7,Chinese
Microwave Marshmallow Treats,1,"['butter', 'marshmallow', 'crispy rice cereal']",433,3,78,11,25,0,Uncategorized Cuisine
The Best Ever Slow Cooker Pot Roast,5,"['chuck roast', 'salt', 'pepper', 'dried onion soup mix', 'onion', 'gold potato', 'large carrot', 'water']",652,89,31,18,6,4,North American
Creamy Pesto Pasta Bake,4,"['fresh basil', 'garlic', 'pine nuts', 'grated parmesan cheese', 'olive oil', 'cold water', 'heavy cream', 'salt', 'pepper', 'fusilli pasta', 'cherry tomato', 'grated parmesan cheese', 'mozzarella ball']",713,31,37,51,3,1,Italian
Chili Lime Steak Tacos,4,"['ripe avocado', 'fresh cilantro', 'lime juice', 'water', 'salt', 'chili powder', 'ground cumin', 'dried oregano', 'salt', 'black pepper', 'garlic', 'lime juice', 'top sirloin steak', 'corn tortillas', 'pico de gallo', 'chopped fresh cilantro']",184,12,5,13,0,3,Central & South American
Cookies ‘n’ Cream Ice Cream,8,"['heavy cream', 'condensed milk', 'chocolate sandwich cookie']",355,5,31,26,30,0,North American
Easy Homemade Chicken Curry,4,"['boneless, skinless chicken breast', 'turmeric', 'chili powder', 'ground cumin', 'garam masala', 'ground ginger', 'white wine vinegar', 'oil', 'red chili', 'tomato', 'water', 'salt', 'pepper', 'rice', 'fresh coriander']",311,48,11,7,4,4,British
Creamy Garlic Dijon Chicken,4,"['boneless, skinless chicken breast', 'kosher salt', 'olive oil', 'unsalted butter', 'garlic', 'all purpose flour', 'chicken broth', ""French's Dijon Mustard"", 'freshly ground black pepper', 'heavy cream', 'fresh parsley', 'lemon', 'baby bella mushrooms', 'asparagus', 'peas']",357,40,11,18,4,3,French
Banana Chocolate Chip Breakfast Muffins,12,"['ripe banana', 'milk', 'quick oat', 'wheat flour', 'egg', 'vanilla', 'cinnamon', 'greek yogurt', 'honey', 'dark chocolate chip']",200,7,35,4,14,4,North American
Cheese-Stuffed Pizza Pretzels,3,"['store-bought pizza dough', 'shredded mozzarella cheese', 'presliced pepperoni', 'marinara sauce', 'nonstick vegetable oil cooking spray']",200,7,35,4,14,4,North American
Garlic Chicken Primavera,4,"['olive oil', 'garlic', 'chicken breast', 'asparagus', 'cherry tomato', 'carrot', 'pepper', 'salt', 'penne pasta', 'parmesan cheese']",424,36,49,9,5,6,Italian
Stir Fry Inspired By Migos,4,"['soy sauce', 'garlic', 'ginger', 'sesame oil', 'rice vinegar', 'honey', 'creamy peanut butter', 'oil', 'boneless, skinless chicken breast', 'salt', 'black pepper', 'red onion', 'broccoli floret', 'red cabbage', 'red bell pepper', 'snap pea', 'carrot', 'rice noodle', 'scallion', 'fresh cilantro', 'sesame seed']",907,54,131,18,20,12,Chinese
Easy & Healthy Fried Rice,4,"['sesame oil', 'garlic', 'chicken breast', 'salt', 'pepper', 'carrot', 'broccoli floret', 'brown rice', 'frozen peas', 'low sodium soy sauce']",377,29,39,10,4,6,North American
Sweet And Sour Pork,2,"['pork', 'salt', 'corn flour', 'egg', 'corn flour', 'oil', 'oil', 'garlic', 'green bell pepper', 'red bell pepper', 'pineapple', 'white caster sugar', 'rice vinegar', 'ketchup']",840,37,99,34,50,7,Chinese
Giant BBQ Rib Sandwich (To Feed A Crowd),8,"['baby back ribs', 'paprika', 'pepper', 'brown sugar', 'salt', 'garlic powder', 'onion powder', 'cumin', 'chili powder', 'barbecue sauce', 'honey', 'bread', 'butter', 'sesame seed', 'large onion', 'fresh parsley']",237,4,34,9,23,1,North American
Lemon Meringue Bars,9,"['all-purpose flour', 'powdered sugar', 'salt', 'unsalted butter', 'large egg', 'egg yolk', 'granulated sugar', 'lemon juice', 'lemon  zest', 'all-purpose flour', 'egg white', 'salt', 'granulated sugar']",361,5,45,18,29,0,Uncategorized Cuisine
Chicken Tortilla Soup,1,"['cooking oil', 'garlic', 'white onion', 'tomato', 'green chilli', 'black beans', 'frozen corn', 'salt', 'pepper', 'dried oregano', 'cumin', 'chili powder', 'chicken broth', 'rotisserie chicken', 'tortilla strip', 'fresh cilantro']",570,54,26,32,7,4,North American
Spaghetti And Meatballs,6,"['olive oil', 'large yellow onion', 'garlic', 'kosher salt', 'pepper', 'red pepper flakes', 'tomato paste', 'crushed tomato', 'dried basil', 'dried oregano', 'dried parsley', 'ground beef', 'ground pork', 'bread crumbs', 'ricotta cheese', 'fresh parsley', 'large egg', 'grated parmesan cheese', 'milk', 'kosher salt', 'black pepper', 'dried spathetti', 'fresh basil', 'grated parmesan cheese']",1122,68,122,41,26,13,North American
Peanut Butter Oat Energy Balls,6,"['rolled oats', 'peanut butter', 'honey', 'dark chocolate chip', 'salt']",87,2,12,3,3,1,North American
Banana Bread Bottom Cheesecake,10,"['banana', 'vegetable oil', 'egg', 'sugar', 'vanilla extract', 'all-purpose flour', 'baking powder', 'baking soda', 'salt', 'cinnamon', 'cream cheese', 'sugar', 'vanilla extract', 'milk', 'gelatin powder', 'caramel sauce']",514,9,43,34,26,2,North American
Mac & Cheese By Terry Crews (Mack And Jeezy),4,"['elbow macaroni', 'cream-style cottage cheese', 'sharp cheddar cheese', 'sour cream', 'egg', 'salt', 'coconut oil', 'paprika']",942,48,50,58,6,0,North American
French Onion Soup,4,"['olive oil', 'butter', 'yellow onion', 'salt', 'sugar', 'flour', 'beef stock', 'white wine', 'ground sage', 'whole bay leaf', 'french bread', 'cognac', 'swiss cheese', 'pepper', 'parmesan cheese']",935,37,76,48,11,3,French
Blueberry Blondies,9,"['nonstick cooking spray', 'all purpose flour', 'baking powder', 'salt', 'unsalted butter', 'brown sugar', 'large egg', 'vanilla extract', 'fresh blueberry']",211,2,31,8,18,1,Uncategorized Cuisine
Cinnamon Roll Apple Pie,10,"['granny smith apple', 'cinnamon roll', 'sugar', 'cinnamon', 'cornstarch']",264,3,55,4,32,3,North American
Honey Mustard Chicken Salad,4,"['honey', 'dijon mustard', 'olive oil', 'garlic', 'salt', 'pepper', 'boneless, skinless chicken thighs', 'bacon', 'romaine lettuce', 'cherry tomatoes', 'red onion', 'avocado']",350,23,25,18,18,5,North American
Honey Garlic Slow Cooker Ribs,6,"['salt', 'pepper', 'paprika', 'chili powder', 'rack of pork ribs', 'honey', 'soy sauce', 'garlic cloves']",565,25,37,34,32,0,Uncategorized Cuisine
Avocado Chicken Salad,4,"['avocado', 'plain yogurt', 'lime juice', 'garlic powder', 'black pepper', 'salt', 'red onion', 'celery', 'jalapeño', 'cooked chicken', 'sriracha sauce', 'fresh cilantro']",241,23,5,12,1,39,North American
No-bake Chocolate Peanut Butter M&M Balls,9,"['butter', 'peanut butter', 'powdered sugar', 'chocolate chips', 'm&m']",270,2,33,15,31,0,North American
Garlic Parmesan-Stuffed Mushrooms,15,"['mushrooms', 'canola oil', 'garlic', 'kosher salt', 'black pepper', 'cream cheese', 'italian breadcrumbs', 'shredded parmesan cheese', 'fresh parsley', 'kosher salt', 'black pepper', 'fresh parsley']",68,2,3,5,0,0,North American
Curry Noodle Soup,6,"['refined coconut oil', 'garlic', 'minced fresh ginger', 'red curry paste', 'coconut milk', 'vegetable broth', 'agave', 'rice noodles', 'tofu', 'broccoli florets', 'red bell pepper', 'lime juice', 'kosher salt', 'chopped fresh cilantro']",387,9,47,19,9,5,Thai
Garlic Parmesan Roasted Broccoli,4,"['broccoli', 'oil', 'lemon juice', 'vegetarian or regular Parmesan cheese', 'garlic powder', 'red pepper flakes', 'salt', 'black pepper']",141,6,22,5,3,8,Uncategorized Cuisine
Homemade Chocolate Croissants (Pain Au Chocolate),8,"['flour', 'water', 'milk', 'sugar', 'salt', 'instant dry yeast', 'unsalted butter', 'cold unsalted butter', 'egg', 'sweetened chocolate bar']",683,11,75,37,19,2,French
Mushroom Wellington,6,"['cremini mushroom', 'olive oil', 'onion', 'vegetable broth', 'garlic', 'soy sauce', 'chopped fresh thyme', 'spinach', 'nonstick cooking spray', 'puff pastry', 'flour', 'medium potato', 'non-dairy milk', 'vegan gravy']",196,6,25,8,4,3,North American
Baked Lobster Tails,2,"['lobster tail', 'butter', 'salt', 'black pepper', 'garlic powder', 'paprika', 'fresh parsley', 'lemon juice', 'lemon', 'broccoli']",246,19,1,18,0,0,Uncategorized Cuisine
Chipotle Chickpea Tacos,2,"['olive oil', 'chickpeas', 'low sodium soy sauce', 'chipotle chili powder', 'garlic powder', 'tortilla']",375,20,58,7,10,17,North American
Classic Meat Lover’s Calzones,4,"['warm water', 'instant yeast', 'all-purpose flour', 'kosher salt', 'olive oil', 'Italian sausage', 'yellow onion', 'kosher salt', 'black pepper', 'marinara sauce', 'deli ham', 'pepperoni', 'shredded mozzarella cheese', 'large egg']",709,32,62,36,3,2,Italian
"Low-Carb Zucchini ""Ravioli""",2,"['medium zucchini', 'olive oil', 'garlic', 'fresh spinach', 'ricotta cheese', 'fresh basil', 'salt', 'pepper', 'marinara sauce', 'shredded mozzarella cheese']",486,28,20,34,8,3,North American
Chicken Ranch Wrap,1,"['whole wheat tortillas', 'provolone cheese', 'romaine lettuce', 'shredded chicken', 'cherry tomato', 'ranch dressing']",361,19,28,19,4,1,North American
Cheesy Broccoli Gnocchi,4,"['runner bean', 'broccoli', 'gnocchi', 'grated mozzarella cheese', 'grated parmesan cheese', 'single cream', 'pepper']",555,28,58,24,3,6,British
Easy Ravioli “Lasagna”,4,"['ravioli', 'bolognese sauce', 'shredded cheddar cheese']",278,9,36,10,1,2,North American
Mango Lime Cheesecake,8,"['digestive biscuit', 'sugar', 'butter', 'large mango', 'cream cheese', 'sugar', 'large egg', 'egg yolk', 'lime zest', 'sour cream', 'lime juice', 'sugar']",678,12,50,49,42,2,North American
Homemade Butter Chicken,4,"['boneless, skinless chicken breast', 'plain yogurt', 'ginger garlic paste', 'chili powder', 'garam masala', 'salt', 'turmeric', 'cumin', 'butter', 'onion', 'tomato puree', 'ginger garlic paste', 'cardamom pods', 'ground cloves', 'chili powder', 'coriander', 'garam masala', 'turmeric', 'cream', 'naan bread', 'cooked rice', 'Chopped fresh parsley']",678,12,50,49,42,2,British
Blueberry Banana Pancakes,8,"['banana', 'egg', 'blueberry']",72,3,9,2,5,1,North American
"One-Pot Chicken, Bacon, And Goat Cheese Pasta",6,"['chicken thighs', 'bacon', 'asparagus', 'red onion', 'garlic', 'chicken broth', 'milk', 'fusilli pasta', 'goat cheese', 'sun-dried tomato', 'salt', 'pepper']",826,73,47,43,13,3,North American
Freezer-Prep Protein Packed Chili,6,"['oil', 'onion', 'garlic', 'black beans', 'kidney bean', 'chickpeas', 'corn', 'diced tomato', 'tomato paste', 'chili powder', 'cumin', 'paprika', 'cayenne pepper', 'ground coriander', 'salt', 'honey', 'vegetable stock', 'lentils', 'sour cream', 'shredded cheddar cheese', 'sliced scallions']",475,28,94,5,18,22,North American
Paprika Herb Roasted Carrots,4,"['carrot', 'oil', 'Chopped fresh parsley', 'paprika', 'salt', 'pepper']",42,0,8,0,3,2,Uncategorized Cuisine
Creamy Broccoli Soup,8,"['olive oil', 'small onion', 'garlic', 'kosher salt', 'pepper', 'mashed potatoes', 'broccoli', 'low-sodium vegetable broth', 'milk of choice', 'ground nutmeg']",336,10,65,2,9,6,Uncategorized Cuisine
Slow Cooker Shredded Chicken Tacos,11,"['salsa', 'lime', 'taco seasoning', 'fresh cilantro', 'chicken breast', 'salt', 'pepper']",224,38,5,4,2,1,North American
Parmesan Crusted Salmon,1,"['skinless salmon', 'asparagus', 'olive oil', 'salt', 'pepper', 'egg', 'panko breadcrumbs', 'grated parmesan cheese', 'fresh parsley', 'salt']",708,53,28,42,3,4,North American
Broccoli Cheddar Chicken Rollups,6,"['broccoli', 'shredded cheddar cheese', 'garlic powder', 'onion powder', 'cream cheese', 'chicken breast', 'salt', 'pepper', 'cheddar cracker', 'all-purpose flour', 'egg']",1012,57,69,55,6,6,North American
Honey-Roasted Carrots,3,"['whole carrot', 'butter', 'honey', 'salt', 'pepper']",169,1,24,8,15,4,North American
Garlic Veggie Rotini Pasta,3,"['oil', 'sliced mushrooms', 'chopped broccoli', 'garlic', 'bell peppers', 'dried oregano', 'salt', 'pepper', 'cooked rotini pasta']",186,9,37,2,6,7,Italian
French Fries 3 Ways,2,"['cold water', 'lemon juice', 'russet potato', 'vegetable oil', 'kosher salt', 'olive oil', 'yellow onion', 'kosher salt', 'garlic', 'curry powder', 'sweet paprika', 'chili powder', 'ground cinnamon', 'tomato ketchup', 'worcestershire sauce', 'apple cider vinegar', 'honey', 'water', 'mayonnaise', 'white onion', 'garlic', 'mayonnaise', 'lemon juice', 'chipotle pepper in adobo sauce', 'kosher salt', 'mayonnaise', 'pesto', 'lemon juice']",186,9,37,2,6,7,North American
Chili Cheese Dog Boats,8,"['hot dog buns', 'butter', 'garlic', 'fresh parsley', 'cheddar cheese', 'chili', 'hot dog']",416,14,26,28,5,27,North American
Apple Cider Cupcakes,12,"['brown sugar', 'granulated sugar', 'kosher salt', 'olive oil', 'vanilla extract', 'large egg', 'baking soda', 'ground cinnamon', 'all purpose flour', 'apple cider', 'unsalted butter', 'cream cheese', 'powdered sugar', 'cinnamon', 'apple cider', 'vanilla']",363,3,50,16,41,0,North American
Gourmet Salmon Dinner,2,"['butter', 'shallot', 'garlic', 'whole milk', 'white  pepper', 'salt', 'yellow potato', 'olive oil', 'porcini mushroom', 'asparagus', 'salt', 'pepper', 'skin-on salmon fillets', 'salt', 'pepper', 'fresh thyme', 'olive oil', 'butter', 'garlic']",1092,37,99,61,7,11,European
Bacon Guacamole Chicken Bombs,8,"['ripe avocado', 'white onion', 'tomato', 'chopped fresh cilantro', 'kosher salt', 'fresh lime juice', 'boneless, skinless chicken breast', 'black pepper', 'bacon', 'canola oil']",413,38,6,25,1,3,North American
One-Pan Lemon Herb Salmon & Veggies,4,"['minced garlic', 'minced fresh rosemary leaves', 'minced fresh oregano leaves', 'minced fresh basil', 'olive oil', 'lemon juice', 'kosher salt', 'freshly ground black pepper', 'skinless salmon fillets', 'large zucchini', 'sliced mushrooms', 'yellow bell pepper', 'cherry tomatoes']",311,27,9,17,6,2,North American
20-Minute One-Pan Pizza,2,"['warm water', 'olive oil', 'all purpose flour', 'sugar', 'instant yeast', 'salt', 'marinara sauce', 'shredded mozzarella cheese', 'pepperoni slices', 'fresh basil']",1215,63,67,77,3,2,North American
Strawberry Cheesecake French Toast,2,"['cream cheese', 'powdered sugar', 'strawberry', 'vanilla extract', 'bread', 'egg', 'milk', 'sugar', 'cinnamon', 'butter', 'powdered sugar', 'strawberry']",835,18,43,66,37,2,North American
One Pot Cajun Chicken & Rice,2,"['chicken breast', 'cajun spice', 'onion', 'bell pepper', 'black beans', 'rice', 'chopped tomato', 'chicken stock', 'olive oil', 'salt', 'garlic powder', 'hot paprika', 'black pepper', 'onion salt', 'cayenne pepper', 'dried oregano', 'dried thyme']",835,18,43,66,37,2,North American
Japanese Pork Cutlet (Tonkatsu) With Curry,4,"['white rice', 'boneless pork chop', 'salt', 'pepper', 'shiso leaf', 'mozzarella cheese', 'flour', 'egg', 'panko breadcrumbs', 'oil', 'oil', 'onion', 'medium potato', 'medium carrot', 'water', 'japanese curry paste']",1706,67,255,45,7,5,Japanese
Peanut Butter And Banana Toast,1,"['bread', 'peanut butter', 'banana', 'cinnamon']",81,1,20,0,9,2,North American
Fortune Cookies,10,"['large egg white', 'vanilla extract', 'all purpose flour', 'sugar', 'salt', 'water']",68,1,12,1,7,0,North American
Chicken Noodle Soup,8,"['butter', 'onion', 'garlic', 'celery', 'carrot', 'cooked chicken', 'chicken broth', 'egg noodle', 'salt', 'pepper', 'dried bay leaf']",171,14,18,8,5,1,North American
One-Pan Honey Garlic Salmon & Asparagus,4,"['asparagus', 'olive oil', 'salt', 'pepper', 'garlic', 'olive oil', 'honey', 'garlic', 'salmon']",150,10,8,8,5,1,North American
Sofritas Burrito Bowl,2,"['olive oil', 'finely chopped yellow onion', 'extra-firm tofu', 'soy sauce', 'chili powder', 'garlic powder', 'ground cumin', 'paprika', 'cayenne pepper', 'cooked brown rice', 'shredded lettuce', 'black beans', 'fire-roasted corn', 'pico de gallo', 'guacamole', 'pickled red onions', 'fresh cilantro']",534,21,82,16,7,13,Mexican
4-Ingredient Peanut Butter Cookies,12,"['peanut butter', 'sugar', 'large egg', 'melted milk chocolate']",78,2,8,4,7,0,Uncategorized Cuisine
Spicy Korean Chicken,2,"['oil', 'cornstarch', 'flour', 'salt', 'water', 'chicken wings', 'cornstarch', 'soy sauce', 'honey', 'rice vinegar', 'gochujang', 'garlic', 'ginger', 'sesame seeds']",1116,43,145,40,34,2,Korean
One-Pot Pesto Chicken Pasta,4,"['boneless, skinless chicken tenders', 'olive oil', 'garlic', 'low-sodium chicken broth', 'sun-dried tomatoes', 'whole wheat pasta', 'salt', 'red pepper flakes', 'baby spinach', 'garlic', 'fresh basil', 'salt', 'black pepper', 'walnuts', 'olive oil', 'fresh parmesan cheese']",620,48,37,32,11,4,Italian
Savory Breakfast Crepe Pockets,4,"['flour', 'egg', 'milk', 'salt', 'butter', 'onion', 'garlic', 'spinach', 'mozzarella cheese', 'ham', 'fried egg']",379,20,35,16,5,1,European
Cilantro Lime Chicken & Veggie Rice Meal Prep,4,"['oil', 'boneless, skinless chicken breast', 'salt', 'pepper', 'lime', 'fresh cilantro', 'red bell pepper', 'red onion', 'garlic', 'riced cauliflower', 'corn', 'chili powder', 'black beans', 'lime']",263,38,16,5,4,3,North American
Chocolate Mousse,2,"['heavy cream', 'sugar', 'chocolate', 'heavy cream', 'raspberry', 'mint', 'tube cookie']",263,38,16,5,4,3,North American
Peanut Butter Banana Oatmeal Muffins,12,"['whole wheat flour', 'rolled oats', 'baking powder', 'baking soda', 'cinnamon', 'salt', 'banana', 'peanut butter', 'honey', 'greek yogurt', 'almond milk', 'egg', 'vanilla extract', 'peanut butter', 'honey', 'almond milk', 'peanuts', 'muffin tin', 'muffin tin liner']",175,6,30,4,10,3,North American
No-Bake Chocolate Peanut Butter Balls (Buckeyes),6,"['unsalted butter', 'peanut butter', 'powdered sugar', 'chocolate chips']",515,5,67,30,62,2,North American
Zucchini Carrot Fritters,8,"['chickpeas', 'zucchini', 'carrot', 'egg', 'whole wheat panko', 'fresh basil', 'garlic powder', 'salt', 'pepper', 'olive oil', 'plain greek yogurt', 'green onion']",75,3,9,2,1,1,North American
Earl Grey Blackberry Cake,12,"['nonstick cooking spray', 'whole milk', 'earl grey tea', 'unsalted butter', 'honey', 'large egg', 'all purpose flour', 'baking powder', 'baking soda', 'kosher salt', 'vanilla bean', 'blackberry', 'unsalted butter', 'vanilla extract', 'powdered sugar', 'blackberry', 'edible flower', 'earl grey tea', 'cake turntable', 'parchment paper round', 'offset spatula', 'bench scraper']",75,3,9,2,1,1,British
Mexican-style Pork Tacos (Tacos Al Pastor),10,"['boneless pork shoulder', 'achiote paste', 'guajillo chili powder', 'garlic powder', 'dried oregano', 'cumin', 'salt', 'pepper', 'white vinegar', 'pineapple juice', 'pineapple', 'small corn tortilla', 'white onion', 'fresh cilantro', 'salsa', 'avocado', 'lime', 'thick wooden skewer']",827,55,35,51,15,5,Mexican
Salmon Meal Prep for Two,4,"['soy sauce', 'balsamic vinegar', 'olive oil', 'garlic', 'salmon', 'paprika', 'garlic powder', 'onion powder', 'salt', 'pepper', 'salmon', 'large carrot', 'green beans', 'asparagus', 'medium yellow squash', 'olive oil', 'salt', 'pepper']",483,38,15,28,8,3,North American
Slow-Cooker Peach Cobbler,6,"['peach pie filling', 'vanilla cake mix', 'unsalted butter', 'walnuts', 'vanilla ice cream']",812,5,114,41,69,2,North American
Tornado Potatoes,2,"['medium Yukon potatoes', 'butter', 'grated parmesan cheese', 'black pepper', 'garlic powder', 'paprika', 'salt', 'Chopped fresh parsley', 'wooden skewer']",518,16,36,36,1,2,North American
Easy Stout Beer Chili,4,"['olive oil', 'ground beef', 'freshly ground black pepper', 'salt', 'large onion', 'canned kidney beans', 'canned crushed tomatoes', 'ground cumin', 'paprika', 'red pepper flakes', 'chili powder', 'water', 'stout beer', 'shredded cheddar cheese', 'sour cream', 'fresh chives']",668,53,70,24,10,18,North American
Chocolate Fudge Cake,8,"['all-purpose flour', 'cocoa powder', 'granulated sugar', 'baking powder', 'salt', 'vanilla', 'egg', 'canola oil', 'powdered sugar', 'fresh berries']",51,1,8,1,4,0,Uncategorized Cuisine
Ham & Pineapple Fried Rice,4,"['oil', 'onion', 'garlic', 'carrot', 'bell pepper', 'ham', 'egg', 'brown rice', 'soy sauce', 'pepper', 'pineapple']",333,14,54,6,9,5,North American
Honey-Lime Chicken And Avocado Salad,2,"['boneless chicken thighs', 'romaine lettuce', 'cherry tomato', 'red onion', 'avocado', 'olive oil', 'salt', 'garlic', 'jalapeño pepper', 'chili powder', 'honey', 'lime juice', 'olive oil', 'honey', 'salt', 'pepper', 'lime juice']",677,38,44,43,23,13,North American
Chinese Chicken Curry,2,"['oil', 'chicken', 'salt', 'pepper', 'onion', 'carrot', 'potato', 'water', 'peas', 'curry paste']",949,62,55,51,11,9,Chinese
One-Pot Cilantro Lime Chicken & Rice,6,"['boneless, skinless chicken breast', 'olive oil', 'yellow onion', 'poblano pepper', 'garlic', 'low-sodium chicken broth', 'lime', 'canned cooked black beans', 'diced tomato', 'jasmine rice', 'salt', 'pepper', 'cilantro']",277,30,29,4,3,5,Fusion
Dalgona Coffee,1,"['instant coffee', 'sugar', 'hot water', 'milk']",132,1,28,0,28,0,Uncategorized Cuisine
Ginger Mushroom Shrimp Stir-fry,4,"['sesame oil', 'large shrimp', 'salt', 'mushroom', 'asparagus', 'ginger', 'low sodium soy sauce']",199,25,4,8,1,1,Chinese
Maple-Glazed Salmon,2,"['vegetable oil', 'maple syrup', 'orange juice', 'soy sauce', 'ground ginger', 'garlic', 'pepper', 'salt', 'salmon fillet', 'fresh parsley', 'broccoli floret', 'salt', 'butter', 'soy sauce', 'garlic', 'lemon  zest', 'red pepper flakes']",466,18,40,27,22,7,North American
Cheesesteak-Stuffed Peppers,6,"['flank steak', 'olive oil', 'paprika', 'garlic powder', 'pepper', 'salt', 'worcestershire sauce', 'unsalted butter', 'large white onion', 'green bell pepper', 'red bell pepper', 'provolone cheese', 'fresh parsley']",365,29,31,15,12,6,North American
Spaghetti With Fresh Tomato Sauce,4,"['spaghetti', 'olive oil', 'garlic', 'cherry tomato', 'salt', 'pepper', 'white wine', 'parmesan cheese', 'fresh basil']",551,19,96,7,6,5,Italian
Seared Scallops,4,"['sea scallops', 'fine sea salt', 'black pepper', 'extra virgin olive oil', 'unsalted butter', 'garlic', 'dry white wine', 'finely chopped fresh chives']",187,23,6,7,0,0,Uncategorized Cuisine
Banana Cream Pie,8,"['refrigerated pie crust', 'banana pudding mix', 'milk', 'unsweetened whipped cream', 'banana']",231,3,30,10,10,1,North American
30 Minute Tomato Sauce,6,"['olive oil', 'onion', 'garlic', 'tomato paste', 'crushed tomato', 'dried oregano', 'dried basil', 'salt', 'pepper']",68,2,12,2,6,3,North American
Eggs Benedict With Spinach,2,"['english muffin', 'butter', 'egg', 'olive oil', 'fresh spinach', 'canadian bacon', 'chives', 'egg yolk', 'lemon juice', 'salt', 'cayenne', 'butter']",782,22,16,70,2,1,North American
One-pan Fall Chicken Dinner,2,"['olive oil', 'garlic', 'fresh thyme', 'fresh rosemary', 'fresh sage', 'boneless, skinless chicken thighs', 'salt', 'pepper', 'sweet potato', 'brussels sprouts', 'red onion', 'bacon', 'salt', 'pepper']",496,41,39,20,12,7,North American
Roasted Cauliflower With Cumin And Turmeric,4,"['cauliflower', 'olive oil', 'cumin', 'turmeric', 'chili powder', 'salt']",77,5,14,1,6,6,North American
Egg Cups,4,"['egg', 'salt', 'pepper', 'spinach', 'tomato', 'broccoli', 'shredded cheddar cheese', 'bell pepper', 'onion', 'mushroom', 'asparagus', 'bacon']",92,7,0,6,0,0,North American
Pico De Gallo,2,"['roma tomato', 'red onion', 'jalapeño', 'garlic', 'fresh cilantro', 'kosher salt', 'ground black pepper', 'lime']",27,0,6,0,2,1,Mexican
Meal Prep Chicken Burrito Bowls,4,"['large, boneless, skinless chicken breast', 'black beans', 'white onion', 'garlic', 'medium chunky salsa', 'brown rice', 'olive oil', 'green onion', 'salt', 'black pepper']",362,33,47,4,8,11,North American
5-ingredient Chocolate Peanut Butter Cups,12,"['dark chocolate', 'coconut oil', 'vanilla extract', 'natural peanut butter', 'honey', 'coconut oil', 'muffin tin liner']",166,1,13,13,11,0,Uncategorized Cuisine
Mozzarella-Stuffed Turkey Meatloaf,4,"['tomato sauce', 'apple cider vinegar', 'honey', 'lean ground turkey', 'shredded zucchini', 'finely diced yellow onion', 'garlic cloves', 'large egg', 'dijon mustard', 'honey', 'panko bread crumbs', 'salt', 'pepper', 'dried oregano', 'dried basil', 'finely chopped fresh parsley', 'mozzarella cheese']",291,25,20,11,9,2,North American
Garlic Parmesan Baked Carrot Fries,2,"['carrot', 'oil', 'parmesan cheese', 'garlic powder', 'pepper', 'fresh parsley', 'salt', 'greek yogurt', 'lemon juice', 'garlic salt', 'pepper']",95,4,14,2,6,2,North American
Chocolate Braided Swirl Bread (Babka),12,"['flour', 'yeast', 'whole milk', 'salt', 'vanilla', 'sugar', 'honey', 'egg', 'egg yolk', 'butter', 'bittersweet chocolate', 'butter', 'sugar', 'cocoa powder', 'ground cinnamon', 'espresso powder', 'turbinado sugar', 'egg wash']",615,9,74,33,34,3,Jewish
Chicken Parmesan Baked Ziti,6,"['ziti pasta', 'chicken breast', 'tomato sauce', 'mozarella', 'parmesan cheese', 'fresh basil', 'salt', 'pepper']",402,34,34,14,5,3,Italian
